{"round": [1, 2, 3, 4, 5, 6, 7, 8, 9, 10, 11, 12, 13, 14, 15, 16, 17, 18, 19, 20, 21, 22, 23, 24, 25, 26, 27, 28, 29, 30, 31, 32, 33, 34, 35, 36, 37, 38, 39, 40, 41, 42, 43, 44, 45, 46, 47, 48, 49, 50, 51, 52, 53, 54, 55, 56, 57, 58, 59, 60, 61, 62, 63, 64, 65, 66, 67, 68, 69], "n_clients": [21, 21, 21, 21, 21, 21, 21, 21, 21, 21, 21, 21, 21, 21, 21, 21, 21, 21, 21, 21, 21, 21, 21, 21, 21, 21, 21, 21, 21, 21, 21, 21, 21, 21, 21, 21, 21, 21, 21, 21, 21, 21, 21, 21, 21, 21, 21, 21, 21, 21, 21, 21, 21, 21, 21, 21, 21, 21, 21, 21, 21, 21, 21, 21, 21, 21, 21, 21, 21], "total_samples": [4401, 4401, 4401, 4401, 4401, 4401, 4401, 4401, 4401, 4401, 4401, 4401, 4401, 4401, 4401, 4401, 4401, 4401, 4401, 4401, 4401, 4401, 4401, 4401, 4401, 4401, 4401, 4401, 4401, 4401, 4401, 4401, 4401, 4401, 4401, 4401, 4401, 4401, 4401, 4401, 4401, 4401, 4401, 4401, 4401, 4401, 4401, 4401, 4401, 4401, 4401, 4401, 4401, 4401, 4401, 4401, 4401, 4401, 4401, 4401, 4401, 4401, 4401, 4401, 4401, 4401, 4401, 4401, 4401], "train_loss": [7.909889493669782, 5.666525477454776, 4.446280683789935, 3.8229326066516696, 3.5115621089935303, 3.349137374332973, 3.194256998243786, 3.1165849708375477, 3.034687485013689, 2.969520886739095, 2.872102419535319, 2.8473306951068698, 2.7718277885800315, 2.7297861008417037, 2.6997037047431585, 2.652645474388486, 2.610918022337414, 2.5947021529788064, 2.5527193205697194, 2.5489331427074613, 2.505755662918091, 2.4740809940156483, 2.439121757234846, 2.4033705847603932, 2.385761817296346, 2.358617737179711, 2.323981307801746, 2.302838291440691, 2.281984045391991, 2.2782853785015287, 2.266767899195353, 2.230803989228748, 2.2192462455658686, 2.2090989521571567, 2.2010264623732794, 2.154581075622922, 2.1757960376285372, 2.147130846977234, 2.123518330710275, 2.1075706084569297, 2.1067159175872803, 2.0827151934305825, 2.0892399890082225, 2.080274434316726, 2.0816591069811867, 2.0540701832090105, 2.035768707593282, 2.037632079351516, 2.0145443280537925, 2.0270102818806968, 1.9973717303503127, 1.9850307475952875, 1.9968035107567197, 1.9907516354606265, 1.9749284017653692, 1.9625380493345714, 1.954498188836234, 1.9638253393627347, 1.9731969492776054, 1.9781160014016288, 1.9179679609480358, 1.9297217357726324, 1.92389973004659, 1.9021177462169103, 1.9054641950698126, 1.901656990959531, 1.8839661791211082, 1.903108244850522, 1.8931994551704043], "val_loss": [7.84210052944365, 5.754673889705113, 4.52964524995713, 3.8785268806275868, 3.6011076995304654, 3.4245378971099854, 3.277883325304304, 3.2035446621122814, 3.099468094961984, 3.051928542909168, 2.976372162501017, 2.9415224960872104, 2.879746187300909, 2.834227300825573, 2.7829497428167436, 2.7764327185494557, 2.732631899061657, 2.7033483414422896, 2.65201465288798, 2.673588525681269, 2.6086418288094655, 2.573302212215605, 2.5664912519000826, 2.5088793209620883, 2.513143880026681, 2.474398215611776, 2.4450577213650657, 2.4309125741322837, 2.395070655005319, 2.395353521619524, 2.418053774606614, 2.367147922515869, 2.3604846795399985, 2.356511660984584, 2.314225333077567, 2.2756553036826, 2.3024707578477406, 2.2891859951473417, 2.250723878542582, 2.239213546117147, 2.2441385246458507, 2.2340211357389177, 2.2311236006872996, 2.2153460071200417, 2.2197624217896235, 2.1960981970741633, 2.2014725719179427, 2.176592639514378, 2.154089819817316, 2.1576750846136186, 2.153641553152175, 2.1541936738150462, 2.136465623265221, 2.1251811867668513, 2.1272607928230647, 2.108626025063651, 2.1007058223088584, 2.148706634839376, 2.1268630425135293, 2.121208809670948, 2.0947423038028536, 2.0758527630851384, 2.0982947576613653, 2.0784991128104076, 2.0589609997613088, 2.0458999474843345, 2.045141481217884, 2.069750677971613, 2.030578857376462]}