{"round": [1, 2, 3, 4, 5, 6, 7, 8, 9, 10, 11, 12, 13, 14, 15, 16, 17, 18, 19, 20, 21, 22, 23, 24, 25, 26, 27, 28, 29, 30, 31, 32, 33, 34, 35, 36, 37, 38, 39, 40, 41, 42, 43, 44, 45, 46, 47, 48, 49, 50, 51, 52, 53, 54, 55, 56, 57, 58, 59, 60, 61, 62, 63, 64, 65, 66, 67, 68, 69, 70, 71, 72, 73, 74, 75, 76, 77, 78, 79, 80, 81, 82, 83, 84], "n_clients": [21, 21, 21, 21, 21, 21, 21, 21, 21, 21, 21, 21, 21, 21, 21, 21, 21, 21, 21, 21, 21, 21, 21, 21, 21, 21, 21, 21, 21, 21, 21, 21, 21, 21, 21, 21, 21, 21, 21, 21, 21, 21, 21, 21, 21, 21, 21, 21, 21, 21, 21, 21, 21, 21, 21, 21, 21, 21, 21, 21, 21, 21, 21, 21, 21, 21, 21, 21, 21, 21, 21, 21, 21, 21, 21, 21, 21, 21, 21, 21, 21, 21, 21, 21], "total_samples": [4401, 4401, 4401, 4401, 4401, 4401, 4401, 4401, 4401, 4401, 4401, 4401, 4401, 4401, 4401, 4401, 4401, 4401, 4401, 4401, 4401, 4401, 4401, 4401, 4401, 4401, 4401, 4401, 4401, 4401, 4401, 4401, 4401, 4401, 4401, 4401, 4401, 4401, 4401, 4401, 4401, 4401, 4401, 4401, 4401, 4401, 4401, 4401, 4401, 4401, 4401, 4401, 4401, 4401, 4401, 4401, 4401, 4401, 4401, 4401, 4401, 4401, 4401, 4401, 4401, 4401, 4401, 4401, 4401, 4401, 4401, 4401, 4401, 4401, 4401, 4401, 4401, 4401, 4401, 4401, 4401, 4401, 4401, 4401], "train_loss": [1.2648797943478538, 0.9348954132625035, 0.7561546365420023, 0.6416739480836051, 0.5646780260971614, 0.5058750325725192, 0.458174562170392, 0.4204895013854617, 0.39019893890335444, 0.3677053855998175, 0.34982299166066305, 0.3358614494403203, 0.32503604108379003, 0.31597602899585453, 0.30884819761628196, 0.30314048131306964, 0.29935910943008603, 0.29605047440245036, 0.29387741819733665, 0.2917081096342632, 0.2895827942660877, 0.28759917829717907, 0.28606352245523814, 0.2841046548315457, 0.2828076673405511, 0.2814654204107466, 0.2797056255596025, 0.2782847565554437, 0.27680878021887373, 0.276387589850596, 0.2762519958473387, 0.2742857922400747, 0.27431623602197286, 0.27392409564483733, 0.27398366818115827, 0.27318915494141127, 0.27317953890278224, 0.2721321215587003, 0.27189592733269646, 0.2711275908209029, 0.27080416377811206, 0.2699578936610903, 0.2693734993892057, 0.2686264208030133, 0.2667762376368046, 0.2661311166981856, 0.2639138193889743, 0.26433705387725714, 0.26255480475014165, 0.2619412869569801, 0.2613950234261297, 0.2596328297541255, 0.260192117964228, 0.25940102010610555, 0.2592210823758727, 0.25967054601226536, 0.25798059441149235, 0.2584578466734716, 0.2577782707909743, 0.25836173063587575, 0.2568504872421424, 0.2573386097238177, 0.2587140482806024, 0.25623259746602606, 0.256198238581419, 0.2561269841556038, 0.2558957016361611, 0.2572591576636547, 0.2555739496435438, 0.2569317561796024, 0.25671878426025313, 0.25555191189050674, 0.2521663791100894, 0.25314432693024475, 0.25337755187813726, 0.2536814682008255, 0.250999483989463, 0.2503136454061383, 0.2503816793184905, 0.2507155216520741, 0.2513507741636464, 0.25104365604264395, 0.2522004848080022, 0.2525189711845347], "val_loss": [1.2663098630451022, 0.9373214954421634, 0.7583779948098319, 0.644256021295275, 0.5670058911754972, 0.5085805668717339, 0.46128199923606145, 0.4239157126063392, 0.3940386495419911, 0.37176486991700675, 0.3541507323582967, 0.3402560239746457, 0.32950285928589956, 0.32038693342890057, 0.3132531962224415, 0.30742399536428, 0.30369444794598077, 0.3003831874756586, 0.2983376220578239, 0.2962782620674088, 0.2941975499547663, 0.2923407941347077, 0.29085028632765725, 0.28898467531516436, 0.2878892666527203, 0.2865972337978227, 0.2849133475905373, 0.28359610747013775, 0.28228497806759106, 0.2819892540574074, 0.2820158919230813, 0.280181020320881, 0.28054982654395555, 0.28028583127473083, 0.2804955994444234, 0.27987629405799364, 0.27980200946331024, 0.2789411064946935, 0.27869011373037383, 0.27816949873453095, 0.277895105913991, 0.2771963739678973, 0.27659647690043565, 0.27617870759041535, 0.2743309464394337, 0.27388151837069363, 0.27192613806220745, 0.2728093574267058, 0.27096867135592867, 0.27032425183625447, 0.269785375112579, 0.26797336446387426, 0.2687970537337519, 0.26801279794779564, 0.2681512831311141, 0.26876966641949757, 0.2669952041691258, 0.2680457541275592, 0.2675940242063786, 0.2683785698553991, 0.2668015314044342, 0.26775868523067664, 0.26927393335582955, 0.2669876059739008, 0.26694217129122644, 0.26702960970855893, 0.2666083921323575, 0.2685660365747199, 0.26688609890905873, 0.2682443164022906, 0.26850662907097667, 0.2663923574367627, 0.2632352170600955, 0.2646948800732692, 0.2647635827750145, 0.2648595961786452, 0.2620653609102148, 0.2612127128079356, 0.26141534098202274, 0.2614801173719267, 0.2619663683276269, 0.26194054248654064, 0.26295149141168667, 0.26346404216296615]}